SEARCH,ABOUT
Waffles,food
Sausages,"improve cooking abilities"
Popcorn,"comfort of your home"
"Hot dog","highlighting feature"
Sausages,"man needs to survive"
Toast,useful
Waffles,"cooking tips"
Noodles,"solution to this problem"
Noodles,subscribers
Sausages,"man needs to survive"
"Hot dog",food
Popcorn,"anyone can use them"
"French fries","Hungry then get hungry foods on your phone"
Waffles,"hungry food"
"French fries","anyone can use them"
"Ice cream",recipes
Croissant,"not able to cook"
"Hot dog",subscribers
"French fries",beginner
Toast,"solution to this problem"
"Hot dog","cooking tips"
Sausages,subscribers
Noodles,subscribers
"Ice cream","hungry food"
Pizza,"hungry food"
Noodles,useful
Noodles,"anyone can use them"
Waffles,"covering population"
Sausages,"cooking recipe app"
Noodles,"solution to this problem"
