USERID,USERNAME,MAIL_ID,PASSWORD
1018,Kylila,kbrunetti8@taobao.com,mB0NLADF
1045,See,srochewellh@php.net,pB7P?}7$
1049,Ware,wjerok1@yandex.ru,mO9b+m)K
1136,Nanete,ncalverley4@hao123.com,aL6xc'G=Ub
1284,Nananne,nnuttey6@google.cn,aL5Uon
1619,Siana,ssteuhlmeyern@furl.net,wM2k=1g8_
1632,Barton,bsirmonl@walmart.com,pL7spWeXUj
2152,Loleta,lkeneficks@pcworld.com,aT5oRP|P*x
2326,Clemens,cduerdink@deliciousdays.com,rU14vT
2346,Marinna,mcancellorm@purevolume.com,mE76ozB
2358,Caleb,cbollam9@topsy.com,sD7GE3P
2414,Tiphanie,tflowethf@wisc.edu,nQ8u~1?`8
2679,Sophey,snineham5@constantcontact.com,bV8>OzKnyz
3075,Kelcey,kadamowitzd@nasa.gov,eZ7q_=
3085,Blake,bgrisley7@live.com,mN5kg+
3272,Marlowe,mteggarti@soundcloud.com,"fS6"M3s)?"
3570,Brittni,bandrolettij@zdnet.com,nY9dCk7
3705,Somerset,sstebbingg@abc.net.au,kE1k'm
3719,Rodge,rkorno@biglobe.ne.jp,uY9BHX
3906,Orran,oalfe@mac.com,wI7W.IQ
3944,Wendie,wcollerant@reference.com,nX5@XIZ#
4103,Pedro,projr@jimdo.com,wH7=|Ee
4152,Marielle,mfassonb@tmall.com,xS1!Q%O
4159,Artemis,amerring3@infoseek.co.jp,xD39.&&/x
4179,Tripp,twhimperp@tinyurl.com,zZ9!9+nmOS
4241,Kaitlin,kjellyc@4shared.com,bN2!/>$
4347,Farly,fruffli0@pinterest.com,kK2pJ0'hP
4650,Jerrie,jzebedeeq@is.gd,nE9!$
4922,Carlie,ccoverdale2@google.it,yD3o$pFB.2
4933,Mariya,mchoata@businessweek.com,gR6.p@l
