REGID,NAME,MAIL_ID,PASSWORD
51,Tedie,ttheobaldst@yandex.ru,pJ8B.
94,Sarita,ssmithr@unc.edu,nQ3w2S>6L
100,Lucien,loxec@live.com,jM3|.tFf
140,Lisetta,ltumpanee@vistaprint.com,fT7KvbW`.A
169,Rafa,rbettenay7@nytimes.com,aE8{x
174,Ludovico,lfattorinii@nasa.gov,mW19Ej<CW
206,Selinda,swilloughby2@tumblr.com,fF7=9n(NM
244,Quentin,qlentea@youku.com,zI9+&
263,Shawna,seggintonm@jugem.jp,oN0dws(c3
405,Jeno,jshealn@hc360.com,bB9tBh
414,Che,cgraalmanb@squidoo.com,cA2q$4p9
416,Joelynn,jglasman0@woothemes.com,hX1d!}ffG#
473,Tann,tpapezs@salon.com,aB26DCHwh
479,Sumner,slambarthf@indiatimes.com,nA5|KkJdoY
486,Rorie,reuston5@craigslist.org,dX3Yd
522,Linnea,lmacilhaggaq@digg.com,oB1j{eCd
532,Lannie,lphippsj@arizona.edu,oG29a$q
571,Shirlene,slanfranconid@seattletimes.com,tC5MnWja~2
623,Sigfrid,smccuish9@oracle.com,vU52m
646,Fiorenze,fmulmuray3@ask.com,fH4%S
689,Alessandro,aricardouk@bbc.co.uk,eM9AUP'Ca
769,Marcelo,mbenedek8@cloudflare.com,cU2L!6Zw<
826,Shamus,sloftino@jalbum.net,qZ8fs`&EB@
841,Lorettalorna,loloshin4@senate.gov,"lO7,#NY}D2"
875,Leland,lveldensg@github.com,oU82.32H
876,Rhianna,rdovidaitis1@dell.com,yQ4i?
932,Micheline,msheldrickp@hhs.gov,pC7yGms5
945,Clemmy,clethbury6@usnews.com,sT0OZx|#L4
947,Regine,rchingl@drupal.org,wF9fZQ'k
991,Alric,acamilloh@ustream.tv,kN4QxI9
